{
    "accuracy": 0.7202380952380952,
    "loss": 0.723550979580198
}