{
    "accuracy": 0.9419642857142857,
    "loss": 0.5298023117440087
}