{
    "Cf Loss": 0.020012789320164308,
    "Cr Loss": 0.0003448202128033471,
    "loss": 0.012145601677219923
}