{
    "accuracy": 0.29017857142857145,
    "loss": 2.850477542196001
}