{
    "accuracy": 0.84375,
    "loss": 0.3717600703239441
}