{
    "accuracy": 0.90625,
    "loss": 0.37898163869977
}