{
    "Vy Loss": 0.01799956737044238,
    "Yr Loss": 0.00018501600655728695,
    "loss": 0.010873746824888344
}