{
    "Cf Loss": 0.022865963749393033,
    "Cr Loss": 0.0005982394986600899,
    "loss": 0.013958874049099852
}