{
    "Vy Loss": 0.004253362522354773,
    "Yr Loss": 7.862728932516356e-05,
    "loss": 0.0025834684291429297
}