{
    "accuracy": 0.8824404761904762,
    "loss": 0.49496792256832123
}